Open,High,Low,Close,Adj Close,Volume
184.000000,185.000000,183.000000,184.000000,184.000000,18569000
184.500000,185.500000,183.500000,184.000000,184.000000,20198000
185.000000,185.000000,181.500000,182.000000,182.000000,29107000
182.500000,185.500000,182.500000,184.500000,184.500000,41130000
180.500000,182.500000,180.500000,181.500000,181.500000,52352000
