Open,High,Low,Close
774.25,776.065002,769.5,772.559998
776.030029,778.710022,772.890015,776.429993
779.309998,782.070007,775.650024,776.469971
779,780.47998,775.539978,776.859985
779.659973,779.659973,770.75,775.080017